{
  "model/models.js": 1634823204031,
  "controller/SampleView.controller.js": 1634823204023,
  "i18n/i18n.properties": 1634823204027,
  "manifest.json": 1634823495337,
  "Component.js": 1634823204023,
  "manifest-bundle.zip": 1634823495353,
  "Component-preload.js": 1634823495698,
  "model/models-dbg.js": 1634823204031,
  "controller/SampleView-dbg.controller.js": 1634823204023,
  "Component-dbg.js": 1634823204023,
  "view/SampleView.view.xml": 1634823204067,
  "css/style.css": 1634823204027,
  "index.html": 1634823204027
}